{
  "bidmc01": {
    "n_breaths": 167,
    "n_troughs": 167,
    "mean_ibi_samples": 357.0179640718563,
    "mean_rr_bpm": 21.007346281573916,
    "cv_ibi": 0.1273219775822246,
    "drift_cv": 0.06923824514467694,
    "sigh_count": 0,
    "sigh_fraction": 0.0,
    "snr_db": 108.00853537458406,
    "signal_length": 60001,
    "median_breath_dur": 353.0
  },
  "bidmc02": {
    "n_breaths": 119,
    "n_troughs": 119,
    "mean_ibi_samples": 497.8235294117647,
    "mean_rr_bpm": 15.065579581708613,
    "cv_ibi": 0.15307591728535364,
    "drift_cv": 0.01142009246653128,
    "sigh_count": 6,
    "sigh_fraction": 0.05042016806722689,
    "snr_db": 83.56146421126132,
    "signal_length": 60001,
    "median_breath_dur": 490.0
  },
  "bidmc03": {
    "n_breaths": 138,
    "n_troughs": 138,
    "mean_ibi_samples": 431.84057971014494,
    "mean_rr_bpm": 17.36752022015639,
    "cv_ibi": 0.14398803242558345,
    "drift_cv": 0.12644784559847286,
    "sigh_count": 5,
    "sigh_fraction": 0.036231884057971016,
    "snr_db": 105.54457636495839,
    "signal_length": 60001,
    "median_breath_dur": 417.5
  },
  "bidmc04": {
    "n_breaths": 129,
    "n_troughs": 128,
    "mean_ibi_samples": 462.5503875968992,
    "mean_rr_bpm": 16.214449714256986,
    "cv_ibi": 0.19256251790307635,
    "drift_cv": 0.05732159317003029,
    "sigh_count": 0,
    "sigh_fraction": 0.0,
    "snr_db": 102.29473553293779,
    "signal_length": 60001,
    "median_breath_dur": 457.0
  },
  "bidmc05": {
    "n_breaths": 47,
    "n_troughs": 3,
    "mean_ibi_samples": 1253.5106382978724,
    "mean_rr_bpm": 5.983196130017822,
    "cv_ibi": 0.1569501762632859,
    "drift_cv": 0.024849585307766087,
    "sigh_count": 0,
    "sigh_fraction": 0.0,
    "snr_db": 110.32870880124545,
    "signal_length": 60001,
    "median_breath_dur": 1209.0
  },
  "bidmc06": {
    "n_breaths": 157,
    "n_troughs": 157,
    "mean_ibi_samples": 379.7261146496815,
    "mean_rr_bpm": 19.751077712732947,
    "cv_ibi": 0.10946981348139893,
    "drift_cv": 0.01769528864449529,
    "sigh_count": 0,
    "sigh_fraction": 0.0,
    "snr_db": 108.34228010831868,
    "signal_length": 60001,
    "median_breath_dur": 375.0
  },
  "bidmc07": {
    "n_breaths": 157,
    "n_troughs": 157,
    "mean_ibi_samples": 379.7388535031847,
    "mean_rr_bpm": 19.750415136114327,
    "cv_ibi": 0.11726399049091286,
    "drift_cv": 0.014356091405001194,
    "sigh_count": 0,
    "sigh_fraction": 0.0,
    "snr_db": 109.35074052807948,
    "signal_length": 60001,
    "median_breath_dur": 375.0
  },
  "bidmc08": {
    "n_breaths": 166,
    "n_troughs": 166,
    "mean_ibi_samples": 359.84939759036143,
    "mean_rr_bpm": 20.84205239809157,
    "cv_ibi": 0.15148476293435983,
    "drift_cv": 0.03772871353157923,
    "sigh_count": 0,
    "sigh_fraction": 0.0,
    "snr_db": 101.90756340813685,
    "signal_length": 60001,
    "median_breath_dur": 356.5
  },
  "bidmc09": {
    "n_breaths": 158,
    "n_troughs": 157,
    "mean_ibi_samples": 377.3164556962025,
    "mean_rr_bpm": 19.877214170692433,
    "cv_ibi": 0.12784411394662182,
    "drift_cv": 0.01033053185658387,
    "sigh_count": 0,
    "sigh_fraction": 0.0,
    "snr_db": 97.94802423004074,
    "signal_length": 60001,
    "median_breath_dur": 374.0
  },
  "bidmc10": {
    "n_breaths": 146,
    "n_troughs": 145,
    "mean_ibi_samples": 406.0890410958904,
    "mean_rr_bpm": 18.468855942923643,
    "cv_ibi": 0.18426684664841406,
    "drift_cv": 0.15705603049917694,
    "sigh_count": 2,
    "sigh_fraction": 0.0136986301369863,
    "snr_db": 108.81587666411107,
    "signal_length": 60001,
    "median_breath_dur": 397.0
  },
  "bidmc11": {
    "n_breaths": 116,
    "n_troughs": 115,
    "mean_ibi_samples": 511.6551724137931,
    "mean_rr_bpm": 14.658309745248685,
    "cv_ibi": 0.24585853420898368,
    "drift_cv": 0.24186989432191072,
    "sigh_count": 29,
    "sigh_fraction": 0.25,
    "snr_db": 93.89505893910332,
    "signal_length": 60001,
    "median_breath_dur": 514.0
  },
  "bidmc12": {
    "n_breaths": 148,
    "n_troughs": 148,
    "mean_ibi_samples": 404.39864864864865,
    "mean_rr_bpm": 18.546056039163922,
    "cv_ibi": 0.14945737193517522,
    "drift_cv": 0.09605327680307309,
    "sigh_count": 0,
    "sigh_fraction": 0.0,
    "snr_db": 109.06949295273412,
    "signal_length": 60001,
    "median_breath_dur": 396.0
  },
  "bidmc13": {
    "n_breaths": 161,
    "n_troughs": 160,
    "mean_ibi_samples": 370.7453416149068,
    "mean_rr_bpm": 20.229519182442623,
    "cv_ibi": 0.13942180194922882,
    "drift_cv": 0.034195500264453636,
    "sigh_count": 27,
    "sigh_fraction": 0.16770186335403728,
    "snr_db": 94.55206001538119,
    "signal_length": 60001,
    "median_breath_dur": 363.0
  },
  "bidmc14": {
    "n_breaths": 108,
    "n_troughs": 108,
    "mean_ibi_samples": 548.8888888888889,
    "mean_rr_bpm": 13.663967611336032,
    "cv_ibi": 0.1951307806846166,
    "drift_cv": 0.0012017677033542811,
    "sigh_count": 1,
    "sigh_fraction": 0.009259259259259259,
    "snr_db": 108.28179879495738,
    "signal_length": 60001,
    "median_breath_dur": 559.5
  },
  "bidmc15": {
    "n_breaths": 116,
    "n_troughs": 113,
    "mean_ibi_samples": 514.6637931034483,
    "mean_rr_bpm": 14.57262022411685,
    "cv_ibi": 0.2769103964074562,
    "drift_cv": 0.074731610634073,
    "sigh_count": 6,
    "sigh_fraction": 0.05172413793103448,
    "snr_db": 113.43041141755575,
    "signal_length": 60001,
    "median_breath_dur": 501.0
  },
  "bidmc16": {
    "n_breaths": 151,
    "n_troughs": 151,
    "mean_ibi_samples": 392.9006622516556,
    "mean_rr_bpm": 19.08879449838188,
    "cv_ibi": 0.2178998675750417,
    "drift_cv": 0.035845750421076246,
    "sigh_count": 0,
    "sigh_fraction": 0.0,
    "snr_db": 109.85705312221884,
    "signal_length": 60001,
    "median_breath_dur": 411.0
  },
  "bidmc17": {
    "n_breaths": 136,
    "n_troughs": 136,
    "mean_ibi_samples": 438.09558823529414,
    "mean_rr_bpm": 17.119551534885282,
    "cv_ibi": 0.17027819753565632,
    "drift_cv": 0.08018345319584723,
    "sigh_count": 0,
    "sigh_fraction": 0.0,
    "snr_db": 111.52690894027954,
    "signal_length": 60001,
    "median_breath_dur": 438.0
  },
  "bidmc18": {
    "n_breaths": 142,
    "n_troughs": 142,
    "mean_ibi_samples": 419.85915492957747,
    "mean_rr_bpm": 17.863133176786313,
    "cv_ibi": 0.08411628750084771,
    "drift_cv": 0.01704069484768827,
    "sigh_count": 16,
    "sigh_fraction": 0.11267605633802817,
    "snr_db": 92.27327438177775,
    "signal_length": 60001,
    "median_breath_dur": 417.0
  },
  "bidmc19": {
    "n_breaths": 119,
    "n_troughs": 118,
    "mean_ibi_samples": 498.84033613445376,
    "mean_rr_bpm": 15.034870792763048,
    "cv_ibi": 0.28950241642996044,
    "drift_cv": 0.14764761105037144,
    "sigh_count": 7,
    "sigh_fraction": 0.058823529411764705,
    "snr_db": 98.12031573093472,
    "signal_length": 60001,
    "median_breath_dur": 469.0
  },
  "bidmc20": {
    "n_breaths": 118,
    "n_troughs": 117,
    "mean_ibi_samples": 505.5,
    "mean_rr_bpm": 14.83679525222552,
    "cv_ibi": 0.17135534758562138,
    "drift_cv": 0.21519674423066945,
    "sigh_count": 0,
    "sigh_fraction": 0.0,
    "snr_db": 110.04963052611234,
    "signal_length": 60001,
    "median_breath_dur": 496.5
  },
  "bidmc21": {
    "n_breaths": 140,
    "n_troughs": 140,
    "mean_ibi_samples": 425.35714285714283,
    "mean_rr_bpm": 17.63224181360202,
    "cv_ibi": 0.19786617757828093,
    "drift_cv": 0.08152017371287161,
    "sigh_count": 0,
    "sigh_fraction": 0.0,
    "snr_db": 104.49668549472746,
    "signal_length": 60001,
    "median_breath_dur": 413.0
  },
  "bidmc22": {
    "n_breaths": 146,
    "n_troughs": 146,
    "mean_ibi_samples": 409.3972602739726,
    "mean_rr_bpm": 18.31961453523389,
    "cv_ibi": 0.17121820130770293,
    "drift_cv": 0.020214044809235183,
    "sigh_count": 0,
    "sigh_fraction": 0.0,
    "snr_db": 109.66265194607226,
    "signal_length": 60001,
    "median_breath_dur": 414.5
  },